-- stars.sql contains code for creating the tables for Stars

-- Stellar Luminosity (size)
CREATE TABLE "stellar_luminosity" (
	"id"	INTEGER NOT NULL PRIMARY KEY AUTOINCREMENT,
	"name"	TEXT NOT NULL,
	"description"	TEXT NOT NULL,
	"comment"	TEXT
);

-- Values for Stellar Luminosity
INSERT INTO stellar_luminosity (id,name,description,comment)
  VALUES
    (1,"O","Hypergiant","Not used"),
    (2,"Ia","Luminous Supergiant",""),
    (3,"Ib","Supergiant",""),
    (4,"II","Bright Giant",""),
    (5,"III","Giant",""),
    (6,"IV","Subgiant",""),
    (7,"V","Main Sequence",""),
    (8,"VI","Subdwarf",""),
    (9,"D","White Dwarf","");

-- Stellar Spectral Class
CREATE TABLE "stellar_spectral" (
	"id"	INTEGER NOT NULL PRIMARY KEY AUTOINCREMENT,
	"name"	TEXT NOT NULL,
	"colour"	TEXT NOT NULL,
	"comment"	TEXT
)

-- Values for Stellar Spectral Class
INSERT INTO stellar_spectral (id,name,colour,comment)
  VALUES
    (1,"O","Blue",""),
    (2,"B","Blue white",""),
    (3,"A","White",""),
    (4,"F","Yellow White",""),
    (5,"G","Yellow",""),
    (6,"K","Light Orange",""),
    (7,"M","Orange Red","");

-- Stellar Detail table
CREATE TABLE "stellar_detail" (
	"id"	INTEGER NOT NULL,
	"name"	TEXT NOT NULL,
	"luminosity_id"	INTEGER NOT NULL,
	"spectral_id"	INTEGER NOT NULL,
	"spectral_decimal"	INTEGER NOT NULL,
	"habitable_zone"	INTEGER NOT NULL,
	"min_zone"	INTEGER NOT NULL,
	"mass"	REAL NOT NULL,
	PRIMARY KEY("id")
)

-- Values for Stellar Detail
INSERT INTO stellar_detail (id,name,luminosity_id,spectral_id,spectral_decimal,habitable_zone,min_zone,mass)
  VALUES
    (1,"O0 O",1,1,0,15,0,120),
    (2,"O1 O",1,1,1,15,0,114),
    (3,"O2 O",1,1,2,15,0,108),
    (4,"O3 O",1,1,3,15,0,102),
    (5,"O4 O",1,1,4,15,0,96),
    (6,"O5 O",1,1,5,15,0,90),
    (7,"O6 O",1,1,6,15,0,84),
    (8,"O7 O",1,1,7,15,0,78),
    (9,"O8 O",1,1,8,14,0,72),
    (10,"O9 O",1,1,9,14,0,66),
    (11,"B0 O",1,2,0,13,0,60),
    (12,"B1 O",1,2,1,13,0,54),
    (13,"B2 O",1,2,2,13,0,48),
    (14,"B3 O",1,2,3,13,0,42),
    (15,"B4 O",1,2,4,13,0,36),
    (16,"B5 O",1,2,5,13,0,30),
    (17,"B6 O",1,2,6,13,0,27.6),
    (18,"B7 O",1,2,7,13,0,25.2),
    (19,"B8 O",1,2,8,13,0,22.8),
    (20,"B9 O",1,2,9,13,0,20.4),
    (21,"A0 O",1,3,0,12,5,18),
    (22,"A1 O",1,3,1,12,5,17.4),
    (23,"A2 O",1,3,2,12,5,16.8),
    (24,"A3 O",1,3,3,12,5,16.2),
    (25,"A4 O",1,3,4,12,5,15.6),
    (26,"A5 O",1,3,5,12,5,15),
    (27,"A6 O",1,3,6,12,5,14.6),
    (28,"A7 O",1,3,7,12,5,14.2),
    (29,"A8 O",1,3,8,12,5,13.8),
    (30,"A9 O",1,3,9,12,5,13.4),
    (31,"F0 O",1,4,0,11,5,13),
    (32,"F1 O",1,4,1,11,5,12.8),
    (33,"F2 O",1,4,2,11,5,12.6),
    (34,"F3 O",1,4,3,11,5,12.4),
    (35,"F4 O",1,4,4,11,5,12.2),
    (36,"F5 O",1,4,5,11,5,12),
    (37,"F6 O",1,4,6,11,5,12),
    (38,"F7 O",1,4,7,11,5,12),
    (39,"F8 O",1,4,8,11,5,12),
    (40,"F9 O",1,4,9,11,5,12),
    (41,"G0 O",1,5,0,12,6,12),
    (42,"G1 O",1,5,1,12,6,12.2),
    (43,"G2 O",1,5,2,12,6,12.4),
    (44,"G3 O",1,5,3,12,6,12.6),
    (45,"G4 O",1,5,4,12,6,12.8),
    (46,"G5 O",1,5,5,12,7,13),
    (47,"G6 O",1,5,6,12,7,13.2),
    (48,"G7 O",1,5,7,12,7,13.4),
    (49,"G8 O",1,5,8,12,7,13.6),
    (50,"G9 O",1,5,9,12,7,13.8),
    (51,"K0 O",1,6,0,12,7,14),
    (52,"K1 O",1,6,1,12,7,14.8),
    (53,"K2 O",1,6,2,12,7,15.6),
    (54,"K3 O",1,6,3,12,7,16.4),
    (55,"K4 O",1,6,4,12,7,17.2),
    (56,"K5 O",1,6,5,12,8,18),
    (57,"K6 O",1,6,6,12,8,18.4),
    (58,"K7 O",1,6,7,12,8,18.8),
    (59,"K8 O",1,6,8,12,8,19.2),
    (60,"K9 O",1,6,9,12,8,19.6),
    (61,"M0 O",1,7,0,12,9,20),
    (62,"M1 O",1,7,1,12,9,21),
    (63,"M2 O",1,7,2,12,9,22),
    (64,"M3 O",1,7,3,12,9,23),
    (65,"M4 O",1,7,4,12,9,24),
    (66,"M5 O",1,7,5,12,10,25),
    (67,"M6 O",1,7,6,12,10,26.25),
    (68,"M7 O",1,7,7,12,10,27.5),
    (69,"M8 O",1,7,8,12,10,28.75),
    (70,"M9 O",1,7,9,12,10,30),
    (71,"O0 Ia",2,1,0,15,0,120),
    (72,"O1 Ia",2,1,1,15,0,114),
    (73,"O2 Ia",2,1,2,15,0,108),
    (74,"O3 Ia",2,1,3,15,0,102),
    (75,"O4 Ia",2,1,4,15,0,96),
    (76,"O5 Ia",2,1,5,15,0,90),
    (77,"O6 Ia",2,1,6,15,0,84),
    (78,"O7 Ia",2,1,7,15,0,78),
    (79,"O8 Ia",2,1,8,14,0,72),
    (80,"O9 Ia",2,1,9,14,0,66),
    (81,"B0 Ia",2,2,0,13,0,60),
    (82,"B1 Ia",2,2,1,13,0,54),
    (83,"B2 Ia",2,2,2,13,0,48),
    (84,"B3 Ia",2,2,3,13,0,42),
    (85,"B4 Ia",2,2,4,13,0,36),
    (86,"B5 Ia",2,2,5,13,0,30),
    (87,"B6 Ia",2,2,6,13,0,27.6),
    (88,"B7 Ia",2,2,7,13,0,25.2),
    (89,"B8 Ia",2,2,8,13,0,22.8),
    (90,"B9 Ia",2,2,9,13,0,20.4),
    (91,"A0 Ia",2,3,0,12,5,18),
    (92,"A1 Ia",2,3,1,12,5,17.4),
    (93,"A2 Ia",2,3,2,12,5,16.8),
    (94,"A3 Ia",2,3,3,12,5,16.2),
    (95,"A4 Ia",2,3,4,12,5,15.6),
    (96,"A5 Ia",2,3,5,12,5,15),
    (97,"A6 Ia",2,3,6,12,5,14.6),
    (98,"A7 Ia",2,3,7,12,5,14.2),
    (99,"A8 Ia",2,3,8,12,5,13.8),
    (100,"A9 Ia",2,3,9,12,5,13.4),
    (101,"F0 Ia",2,4,0,11,5,13),
    (102,"F1 Ia",2,4,1,11,5,12.8),
    (103,"F2 Ia",2,4,2,11,5,12.6),
    (104,"F3 Ia",2,4,3,11,5,12.4),
    (105,"F4 Ia",2,4,4,11,5,12.2),
    (106,"F5 Ia",2,4,5,11,5,12),
    (107,"F6 Ia",2,4,6,11,5,12),
    (108,"F7 Ia",2,4,7,11,5,12),
    (109,"F8 Ia",2,4,8,11,5,12),
    (110,"F9 Ia",2,4,9,11,5,12),
    (111,"G0 Ia",2,5,0,12,6,12),
    (112,"G1 Ia",2,5,1,12,6,12.2),
    (113,"G2 Ia",2,5,2,12,6,12.4),
    (114,"G3 Ia",2,5,3,12,6,12.6),
    (115,"G4 Ia",2,5,4,12,6,12.8),
    (116,"G5 Ia",2,5,5,12,7,13),
    (117,"G6 Ia",2,5,6,12,7,13.2),
    (118,"G7 Ia",2,5,7,12,7,13.4),
    (119,"G8 Ia",2,5,8,12,7,13.6),
    (120,"G9 Ia",2,5,9,12,7,13.8),
    (121,"K0 Ia",2,6,0,12,7,14),
    (122,"K1 Ia",2,6,1,12,7,14.8),
    (123,"K2 Ia",2,6,2,12,7,15.6),
    (124,"K3 Ia",2,6,3,12,7,16.4),
    (125,"K4 Ia",2,6,4,12,7,17.2),
    (126,"K5 Ia",2,6,5,12,8,18),
    (127,"K6 Ia",2,6,6,12,8,18.4),
    (128,"K7 Ia",2,6,7,12,8,18.8),
    (129,"K8 Ia",2,6,8,12,8,19.2),
    (130,"K9 Ia",2,6,9,12,8,19.6),
    (131,"M0 Ia",2,7,0,12,9,20),
    (132,"M1 Ia",2,7,1,12,9,21),
    (133,"M2 Ia",2,7,2,12,9,22),
    (134,"M3 Ia",2,7,3,12,9,23),
    (135,"M4 Ia",2,7,4,12,9,24),
    (136,"M5 Ia",2,7,5,12,10,25),
    (137,"M6 Ia",2,7,6,12,10,26.25),
    (138,"M7 Ia",2,7,7,12,10,27.5),
    (139,"M8 Ia",2,7,8,12,10,28.75),
    (140,"M9 Ia",2,7,9,12,10,30),
    (141,"O0 Ib",3,1,0,15,0,100),
    (142,"O1 Ib",3,1,1,15,0,95),
    (143,"O2 Ib",3,1,2,15,0,90),
    (144,"O3 Ib",3,1,3,15,0,85),
    (145,"O4 Ib",3,1,4,15,0,80),
    (146,"O5 Ib",3,1,5,15,0,75),
    (147,"O6 Ib",3,1,6,15,0,70),
    (148,"O7 Ib",3,1,7,15,0,65),
    (149,"O8 Ib",3,1,8,14,0,60),
    (150,"O9 Ib",3,1,9,14,0,55),
    (151,"B0 Ib",3,2,0,13,0,50),
    (152,"B1 Ib",3,2,1,13,0,45),
    (153,"B2 Ib",3,2,2,13,0,40),
    (154,"B3 Ib",3,2,3,13,0,35),
    (155,"B4 Ib",3,2,4,13,0,30),
    (156,"B5 Ib",3,2,5,13,0,25),
    (157,"B6 Ib",3,2,6,13,0,23.2),
    (158,"B7 Ib",3,2,7,13,0,21.4),
    (159,"B8 Ib",3,2,8,12,0,19.6),
    (160,"B9 Ib",3,2,9,12,0,17.8),
    (161,"A0 Ib",3,3,0,11,2,16),
    (162,"A1 Ib",3,3,1,11,2,15.4),
    (163,"A2 Ib",3,3,2,11,2,14.8),
    (164,"A3 Ib",3,3,3,11,2,14.2),
    (165,"A4 Ib",3,3,4,11,2,13.6),
    (166,"A5 Ib",3,3,5,11,3,13),
    (167,"A6 Ib",3,3,6,11,3,12.8),
    (168,"A7 Ib",3,3,7,11,3,12.6),
    (169,"A8 Ib",3,3,8,11,3,12.4),
    (170,"A9 Ib",3,3,9,11,3,12.2),
    (171,"F0 Ib",3,4,0,10,3,12),
    (172,"F1 Ib",3,4,1,10,3,11.6),
    (173,"F2 Ib",3,4,2,10,3,11.2),
    (174,"F3 Ib",3,4,3,10,3,10.8),
    (175,"F4 Ib",3,4,4,10,3,10.4),
    (176,"F5 Ib",3,4,5,10,3,10),
    (177,"F6 Ib",3,4,6,10,3,10),
    (178,"F7 Ib",3,4,7,10,3,10),
    (179,"F8 Ib",3,4,8,10,3,10),
    (180,"F9 Ib",3,4,9,10,3,10),
    (181,"G0 Ib",3,5,0,10,3,10),
    (182,"G1 Ib",3,5,1,10,3,10.4),
    (183,"G2 Ib",3,5,2,10,3,10.8),
    (184,"G3 Ib",3,5,3,10,3,11.2),
    (185,"G4 Ib",3,5,4,10,4,11.6),
    (186,"G5 Ib",3,5,5,10,5,12),
    (187,"G6 Ib",3,5,6,10,5,12.2),
    (188,"G7 Ib",3,5,7,10,5,12.4),
    (189,"G8 Ib",3,5,8,10,5,12.6),
    (190,"G9 Ib",3,5,9,10,5,12.8),
    (191,"K0 Ib",3,6,0,10,6,13),
    (192,"K1 Ib",3,6,1,10,6,13.6),
    (193,"K2 Ib",3,6,2,10,6,14.2),
    (194,"K3 Ib",3,6,3,10,6,14.8),
    (195,"K4 Ib",3,6,4,10,6,15.4),
    (196,"K5 Ib",3,6,5,10,7,16),
    (197,"K6 Ib",3,6,6,10,7,16),
    (198,"K7 Ib",3,6,7,10,7,16),
    (199,"K8 Ib",3,6,8,10,7,16),
    (200,"K9 Ib",3,6,9,10,7,16),
    (201,"M0 Ib",3,7,0,11,8,16),
    (202,"M1 Ib",3,7,1,11,8,16.8),
    (203,"M2 Ib",3,7,2,11,8,17.6),
    (204,"M3 Ib",3,7,3,11,8,18.4),
    (205,"M4 Ib",3,7,4,11,8,19.2),
    (206,"M5 Ib",3,7,5,11,9,20),
    (207,"M6 Ib",3,7,6,11,9,21.25),
    (208,"M7 Ib",3,7,7,11,9,22.5),
    (209,"M8 Ib",3,7,8,11,9,23.75),
    (210,"M9 Ib",3,7,9,11,9,25),
    (211,"O0 II",4,1,0,14,0,50),
    (212,"O1 II",4,1,1,14,0,48),
    (213,"O2 II",4,1,2,14,0,46),
    (214,"O3 II",4,1,3,14,0,44),
    (215,"O4 II",4,1,4,14,0,42),
    (216,"O5 II",4,1,5,14,0,40),
    (217,"O6 II",4,1,6,14,0,38),
    (218,"O7 II",4,1,7,14,0,36),
    (219,"O8 II",4,1,8,13,0,34),
    (220,"O9 II",4,1,9,13,0,32),
    (221,"B0 II",4,2,0,12,0,30),
    (222,"B1 II",4,2,1,12,0,28),
    (223,"B2 II",4,2,2,12,0,26),
    (224,"B3 II",4,2,3,12,0,24),
    (225,"B4 II",4,2,4,12,0,22),
    (226,"B5 II",4,2,5,12,0,20),
    (227,"B6 II",4,2,6,11,0,18.8),
    (228,"B7 II",4,2,7,11,0,17.6),
    (229,"B8 II",4,2,8,10,0,16.4),
    (230,"B9 II",4,2,9,10,0,15.2),
    (231,"A0 II",4,3,0,9,1,14),
    (232,"A1 II",4,3,1,9,1,13.4),
    (233,"A2 II",4,3,2,9,1,12.8),
    (234,"A3 II",4,3,3,9,1,12.2),
    (235,"A4 II",4,3,4,9,1,11.6),
    (236,"A5 II",4,3,5,9,1,11),
    (237,"A6 II",4,3,6,9,1,10.8),
    (238,"A7 II",4,3,7,9,1,10.6),
    (239,"A8 II",4,3,8,9,1,10.4),
    (240,"A9 II",4,3,9,9,1,10.2),
    (241,"F0 II",4,4,0,9,1,10),
    (242,"F1 II",4,4,1,9,1,9.62),
    (243,"F2 II",4,4,2,9,1,9.24),
    (244,"F3 II",4,4,3,9,1,8.86),
    (245,"F4 II",4,4,4,9,1,8.48),
    (246,"F5 II",4,4,5,9,1,8.1),
    (247,"F6 II",4,4,6,9,1,8.1),
    (248,"F7 II",4,4,7,9,1,8.1),
    (249,"F8 II",4,4,8,9,1,8.1),
    (250,"F9 II",4,4,9,9,1,8.1),
    (251,"G0 II",4,5,0,9,2,8.1),
    (252,"G1 II",4,5,1,9,2,8.48),
    (253,"G2 II",4,5,2,9,2,8.86),
    (254,"G3 II",4,5,3,9,2,9.24),
    (255,"G4 II",4,5,4,9,2,9.62),
    (256,"G5 II",4,5,5,9,2,10),
    (257,"G6 II",4,5,6,9,2,10.2),
    (258,"G7 II",4,5,7,9,2,10.4),
    (259,"G8 II",4,5,8,9,2,10.6),
    (260,"G9 II",4,5,9,9,2,10.8),
    (261,"K0 II",4,6,0,9,3,11),
    (262,"K1 II",4,6,1,9,3,11.6),
    (263,"K2 II",4,6,2,9,3,12.2),
    (264,"K3 II",4,6,3,9,3,12.8),
    (265,"K4 II",4,6,4,9,4,13.4),
    (266,"K5 II",4,6,5,9,5,14),
    (267,"K6 II",4,6,6,9,5,14),
    (268,"K7 II",4,6,7,9,5,14),
    (269,"K8 II",4,6,8,9,5,14),
    (270,"K9 II",4,6,9,9,5,14),
    (271,"M0 II",4,7,0,10,6,14),
    (272,"M1 II",4,7,1,10,6,14.4),
    (273,"M2 II",4,7,2,10,6,14.8),
    (274,"M3 II",4,7,3,10,6,15.2),
    (275,"M4 II",4,7,4,10,6,15.6),
    (276,"M5 II",4,7,5,10,7,16),
    (277,"M6 II",4,7,6,10,7,16.5),
    (278,"M7 II",4,7,7,10,7,17),
    (279,"M8 II",4,7,8,10,7,17.5),
    (280,"M9 II",4,7,9,10,8,18),
    (281,"O0 III",5,1,0,13,0,45),
    (282,"O1 III",5,1,1,13,0,43),
    (283,"O2 III",5,1,2,13,0,41),
    (284,"O3 III",5,1,3,13,0,39),
    (285,"O4 III",5,1,4,13,0,37),
    (286,"O5 III",5,1,5,13,0,35),
    (287,"O6 III",5,1,6,13,0,33),
    (288,"O7 III",5,1,7,13,0,31),
    (289,"O8 III",5,1,8,12,0,29),
    (290,"O9 III",5,1,9,12,0,27),
    (291,"B0 III",5,2,0,11,0,25),
    (292,"B1 III",5,2,1,11,0,23),
    (293,"B2 III",5,2,2,11,0,21),
    (294,"B3 III",5,2,3,11,0,19),
    (295,"B4 III",5,2,4,11,0,17),
    (296,"B5 III",5,2,5,11,0,15),
    (297,"B6 III",5,2,6,10,0,14.4),
    (298,"B7 III",5,2,7,9,0,13.8),
    (299,"B8 III",5,2,8,8,0,13.2),
    (300,"B9 III",5,2,9,8,0,12.6),
    (301,"A0 III",5,3,0,7,1,12),
    (302,"A1 III",5,3,1,7,1,11.4),
    (303,"A2 III",5,3,2,7,1,10.8),
    (304,"A3 III",5,3,3,7,1,10.2),
    (305,"A4 III",5,3,4,7,1,9.6),
    (306,"A5 III",5,3,5,7,1,9),
    (307,"A6 III",5,3,6,7,1,8.8),
    (308,"A7 III",5,3,7,7,1,8.6),
    (309,"A8 III",5,3,8,7,1,8.4),
    (310,"A9 III",5,3,9,7,1,8.2),
    (311,"F0 III",5,4,0,6,1,8),
    (312,"F1 III",5,4,1,6,1,7.4),
    (313,"F2 III",5,4,2,6,1,6.8),
    (314,"F3 III",5,4,3,6,1,6.2),
    (315,"F4 III",5,4,4,6,1,5.6),
    (316,"F5 III",5,4,5,6,1,5),
    (317,"F6 III",5,4,6,6,1,4.5),
    (318,"F7 III",5,4,7,6,1,4),
    (319,"F8 III",5,4,8,6,1,3.5),
    (320,"F9 III",5,4,9,6,1,3),
    (321,"G0 III",5,5,0,7,1,2.5),
    (322,"G1 III",5,5,1,7,1,2.64),
    (323,"G2 III",5,5,2,7,1,2.78),
    (324,"G3 III",5,5,3,7,1,2.92),
    (325,"G4 III",5,5,4,7,1,3.06),
    (326,"G5 III",5,5,5,7,1,3.2),
    (327,"G6 III",5,5,6,7,1,3.36),
    (328,"G7 III",5,5,7,7,1,3.52),
    (329,"G8 III",5,5,8,7,1,3.68),
    (330,"G9 III",5,5,9,7,1,3.84),
    (331,"K0 III",5,6,0,8,1,4),
    (332,"K1 III",5,6,1,8,1,4.2),
    (333,"K2 III",5,6,2,8,1,4.4),
    (334,"K3 III",5,6,3,8,1,4.6),
    (335,"K4 III",5,6,4,8,1,4.8),
    (336,"K5 III",5,6,5,8,2,5),
    (337,"K6 III",5,6,6,8,2,5.26),
    (338,"K7 III",5,6,7,8,2,5.52),
    (339,"K8 III",5,6,8,8,2,5.78),
    (340,"K9 III",5,6,9,8,2,6.04),
    (341,"M0 III",5,7,0,9,3,6.3),
    (342,"M1 III",5,7,1,9,3,6.52),
    (343,"M2 III",5,7,2,9,3,6.74),
    (344,"M3 III",5,7,3,9,4,6.96),
    (345,"M4 III",5,7,4,9,5,7.18),
    (346,"M5 III",5,7,5,9,6,7.4),
    (347,"M6 III",5,7,6,9,6,7.85),
    (348,"M7 III",5,7,7,9,6,8.3),
    (349,"M8 III",5,7,8,9,6,8.75),
    (350,"M9 III",5,7,9,9,7,9.2),
    (351,"O0 IV",6,1,0,12,0,40),
    (352,"O1 IV",6,1,1,12,0,38),
    (353,"O2 IV",6,1,2,12,0,36),
    (354,"O3 IV",6,1,3,12,0,34),
    (355,"O4 IV",6,1,4,12,0,32),
    (356,"O5 IV",6,1,5,12,0,30),
    (357,"O6 IV",6,1,6,12,0,28),
    (358,"O7 IV",6,1,7,12,0,26),
    (359,"O8 IV",6,1,8,11,0,24),
    (360,"O9 IV",6,1,9,11,0,22),
    (361,"B0 IV",6,2,0,10,0,20),
    (362,"B1 IV",6,2,1,10,0,18),
    (363,"B2 IV",6,2,2,10,0,16),
    (364,"B3 IV",6,2,3,10,0,14),
    (365,"B4 IV",6,2,4,10,0,12),
    (366,"B5 IV",6,2,5,10,0,10),
    (367,"B6 IV",6,2,6,9,0,9.2),
    (368,"B7 IV",6,2,7,9,0,8.4),
    (369,"B8 IV",6,2,8,8,0,7.6),
    (370,"B9 IV",6,2,9,8,0,6.8),
    (371,"A0 IV",6,3,0,7,0,6),
    (372,"A1 IV",6,3,1,7,0,5.6),
    (373,"A2 IV",6,3,2,7,0,5.2),
    (374,"A3 IV",6,3,3,7,0,4.8),
    (375,"A4 IV",6,3,4,7,0,4.4),
    (376,"A5 IV",6,3,5,7,0,4),
    (377,"A6 IV",6,3,6,7,0,3.7),
    (378,"A7 IV",6,3,7,7,0,3.4),
    (379,"A8 IV",6,3,8,7,0,3.1),
    (380,"A9 IV",6,3,9,7,0,2.8),
    (381,"F0 IV",6,4,0,6,0,2.5),
    (382,"F1 IV",6,4,1,6,0,2.4),
    (383,"F2 IV",6,4,2,6,0,2.3),
    (384,"F3 IV",6,4,3,6,0,2.2),
    (385,"F4 IV",6,4,4,6,0,2.1),
    (386,"F5 IV",6,4,5,6,0,2),
    (387,"F6 IV",6,4,6,6,0,1.95),
    (388,"F7 IV",6,4,7,6,0,1.9),
    (389,"F8 IV",6,4,8,6,0,1.85),
    (390,"F9 IV",6,4,9,6,0,1.8),
    (391,"G0 IV",6,5,0,5,0,1.75),
    (392,"G1 IV",6,5,1,5,0,1.8),
    (393,"G2 IV",6,5,2,5,0,1.85),
    (394,"G3 IV",6,5,3,5,0,1.9),
    (395,"G4 IV",6,5,4,5,0,1.95),
    (396,"G5 IV",6,5,5,5,0,2),
    (397,"G6 IV",6,5,6,5,0,2.06),
    (398,"G7 IV",6,5,7,5,0,2.12),
    (399,"G8 IV",6,5,8,5,0,2.18),
    (400,"G9 IV",6,5,9,5,0,2.24),
    (401,"K0 IV",6,6,0,5,0,2.3),
    (402,"K1 IV",6,6,1,5,0,2.3),
    (403,"K2 IV",6,6,2,5,0,2.3),
    (404,"K3 IV",6,6,3,5,0,2.3),
    (405,"K4 IV",6,6,4,5,0,2.3),
    (421,"O0 V",7,1,0,11,0,41),
    (422,"O1 V",7,1,1,11,0,38.7),
    (423,"O2 V",7,1,2,11,0,36.4),
    (424,"O3 V",7,1,3,11,0,34.1),
    (425,"O4 V",7,1,4,11,0,31.8),
    (426,"O5 V",7,1,5,11,0,29.5),
    (427,"O6 V",7,1,6,11,0,27.2),
    (428,"O7 V",7,1,7,11,0,24.9),
    (429,"O8 V",7,1,8,10,0,22.6),
    (430,"O9 V",7,1,9,10,0,20.3),
    (431,"B0 V",7,2,0,9,0,18),
    (432,"B1 V",7,2,1,9,0,15.7),
    (433,"B2 V",7,2,2,9,0,13.4),
    (434,"B3 V",7,2,3,9,0,11.1),
    (435,"B4 V",7,2,4,9,0,8.8),
    (436,"B5 V",7,2,5,9,0,6.5),
    (437,"B6 V",7,2,6,9,0,5.84),
    (438,"B7 V",7,2,7,9,0,5.18),
    (439,"B8 V",7,2,8,8,0,4.52),
    (440,"B9 V",7,2,9,8,0,3.86),
    (441,"A0 V",7,3,0,7,0,3.2),
    (442,"A1 V",7,3,1,7,0,2.98),
    (443,"A2 V",7,3,2,7,0,2.76),
    (444,"A3 V",7,3,3,7,0,2.54),
    (445,"A4 V",7,3,4,7,0,2.32),
    (446,"A5 V",7,3,5,7,0,2.1),
    (447,"A6 V",7,3,6,7,0,2.02),
    (448,"A7 V",7,3,7,7,0,1.94),
    (449,"A8 V",7,3,8,6,0,1.86),
    (450,"A9 V",7,3,9,6,0,1.78),
    (451,"F0 V",7,4,0,5,0,1.7),
    (452,"F1 V",7,4,1,5,0,1.62),
    (453,"F2 V",7,4,2,5,0,1.54),
    (454,"F3 V",7,4,3,5,0,1.46),
    (455,"F4 V",7,4,4,5,0,1.38),
    (456,"F5 V",7,4,5,5,0,1.3),
    (457,"F6 V",7,4,6,5,0,1.248),
    (458,"F7 V",7,4,7,5,0,1.196),
    (459,"F8 V",7,4,8,4,0,1.144),
    (460,"F9 V",7,4,9,4,0,1.092),
    (461,"G0 V",7,5,0,3,0,1.04),
    (462,"G1 V",7,5,1,3,0,1.02),
    (463,"G2 V",7,5,2,3,0,1),
    (464,"G3 V",7,5,3,3,0,0.98),
    (465,"G4 V",7,5,4,3,0,0.96),
    (466,"G5 V",7,5,5,3,0,0.94),
    (467,"G6 V",7,5,6,3,0,0.917),
    (468,"G7 V",7,5,7,3,0,0.894),
    (469,"G8 V",7,5,8,3,0,0.871),
    (470,"G9 V",7,5,9,3,0,0.848),
    (471,"K0 V",7,6,0,2,0,0.825),
    (472,"K1 V",7,6,1,2,0,0.774),
    (473,"K2 V",7,6,2,2,0,0.723),
    (474,"K3 V",7,6,3,2,0,0.672),
    (475,"K4 V",7,6,4,2,0,0.621),
    (476,"K5 V",7,6,5,2,0,0.57),
    (477,"K6 V",7,6,6,2,0,0.5538),
    (478,"K7 V",7,6,7,2,0,0.5376),
    (479,"K8 V",7,6,8,1,0,0.5214),
    (480,"K9 V",7,6,9,1,0,0.5052),
    (481,"M0 V",7,7,0,0,0,0.489),
    (482,"M1 V",7,7,1,0,0,0.4574),
    (483,"M2 V",7,7,2,0,0,0.4258),
    (484,"M3 V",7,7,3,0,0,0.3942),
    (485,"M4 V",7,7,4,0,0,0.3626),
    (486,"M5 V",7,7,5,0,0,0.331),
    (487,"M6 V",7,7,6,0,0,0.302),
    (488,"M7 V",7,7,7,0,0,0.273),
    (489,"M8 V",7,7,8,0,0,0.244),
    (490,"M9 V",7,7,9,0,0,0.215),
    (526,"F5 VI",8,4,5,3,0,0.8),
    (527,"F6 VI",8,4,6,3,0,0.76),
    (528,"F7 VI",8,4,7,3,0,0.72),
    (529,"F8 VI",8,4,8,3,0,0.68),
    (530,"F9 VI",8,4,9,3,0,0.64),
    (531,"G0 VI",8,5,0,2,0,0.6),
    (532,"G1 VI",8,5,1,2,0,0.5856),
    (533,"G2 VI",8,5,2,2,0,0.5712),
    (534,"G3 VI",8,5,3,2,0,0.5568),
    (535,"G4 VI",8,5,4,2,0,0.5424),
    (536,"G5 VI",8,5,5,2,0,0.528),
    (537,"G6 VI",8,5,6,2,0,0.5084),
    (538,"G7 VI",8,5,7,2,0,0.4888),
    (539,"G8 VI",8,5,8,2,0,0.4692),
    (540,"G9 VI",8,5,9,2,0,0.4496),
    (541,"K0 VI",8,6,0,1,0,0.43),
    (542,"K1 VI",8,6,1,1,0,0.41),
    (543,"K2 VI",8,6,2,1,0,0.39),
    (544,"K3 VI",8,6,3,1,0,0.37),
    (545,"K4 VI",8,6,4,1,0,0.35),
    (546,"K5 VI",8,6,5,1,0,0.33),
    (547,"K6 VI",8,6,6,1,0,0.2948),
    (548,"K7 VI",8,6,7,1,0,0.2596),
    (549,"K8 VI",8,6,8,1,0,0.2244),
    (550,"K9 VI",8,6,9,1,0,0.1892),
    (551,"M0 VI",8,7,0,0,0,0.154),
    (552,"M1 VI",8,7,1,0,0,0.144),
    (553,"M2 VI",8,7,2,0,0,0.134),
    (554,"M3 VI",8,7,3,0,0,0.124),
    (555,"M4 VI",8,7,4,0,0,0.114),
    (556,"M5 VI",8,7,5,0,0,0.104),
    (557,"M6 VI",8,7,6,0,0,2.6832),
    (558,"M7 VI",8,7,7,0,0,5.2624),
    (559,"M8 VI",8,7,8,0,0,7.8416),
    (560,"M9 VI",8,7,9,0,0,0.058),
    (561,"DO",9,1,0,1,0,13),
    (562,"DB",9,2,0,0,0,0.26),
    (563,"DA",9,3,0,0,0,0.36),
    (564,"DF",9,4,0,0,0,0.42),
    (565,"DG",9,5,0,0,0,0.63),
    (566,"DK",9,6,0,0,0,0.83),
    (567,"DM",9,7,0,0,0,1.11),
    (568,"BD",10,1,0,-1,0,0.075);


